{
  "point 1": {
    "east": 49.48218571428571,
    "north": 30.081542857142857
  },
  "point 2": {
    "east": 58.56818571428572,
    "north": 24.48202857142857
  }
}