{
  "point 1": {
    "east": 52.3187,
    "north": -41.1351
  },
  "point 2": {
    "east": 55.98165,
    "north": -35.0033875
  }
}