{
  "point 1": {
    "east": -23.957383333333333,
    "north": 4.68455
  },
  "point 2": {
    "east": -29.00195,
    "north": -2.3111333333333333
  }
}