{
  "point 1": {
    "east": -31.19795,
    "north": 3.7494
  },
  "point 2": {
    "east": -34.216141666666665,
    "north": -1.0539666666666667
  },
  "angle": -0.672745103185827
}